filename,split,frames
7SBADF01.avi,test,114
6FM8NCE0.avi,test,59
6LL8PW5I.avi,test,70
6R3PFH1R.avi,test,79
7SRU4WRP.avi,test,68
6G2S3KRA.avi,test,120
6G2SC2YY.avi,test,51
804G1THW.avi,test,102
7XTQW1SA.avi,test,178
6G2SC2BF.avi,test,152
7QXOE1SD.avi,test,177
7P3INT16.avi,test,157
6MIBI7Y8.avi,test,154
BKA982ZC.avi,test,33
7P3J21HW.avi,test,81
7ZNWLTDO.avi,test,44
5HMFBUM3.avi,test,73
6F5PD2SU.avi,test,42
6OCFVUXT.avi,test,66
7YAAK0RG.avi,test,245
5HMFBUPP.avi,test,141
7O6G6LI0.avi,test,160
6NFEIBH0.avi,test,56
6G2S3G8V.avi,test,69
6S0S8947.avi,test,146
6IDGV105.avi,test,119
6OCFVUWL.avi,test,214
7Q0LTQXF.avi,test,62
7O6G6YGB.avi,test,192
80KZ98A4.avi,test,156
7XTR6HJL.avi,test,175
7XTR627P.avi,test,104
6FM8LPCA.avi,test,56
6IDHDEU8.avi,test,175
6LL8WD40.avi,test,156
7OMZC5Q6.avi,test,166
7OMZA6Q1.avi,test,101
7QXOE11P.avi,test,162
7WWOHLWG.avi,test,188
7T8DI6S3.avi,test,95
7P3INT38.avi,test,147
7SRTSYXL.avi,test,32
6FM8LPJY.avi,test,57
6G2S59LB.avi,test,106
BKA982Y5.avi,test,130
6MIAD9EV.avi,test,50
5HMFBT67.avi,test,86
7SRU4XCW.avi,test,100
6LL8PVY4.avi,test,76
6NFEIBGI.avi,test,122
6R3PFFZU.avi,test,143
6HWXPM4C.avi,test,140
6GJBDCQT.avi,test,110
80KZ980D.avi,test,291
6FM8NC6H.avi,test,319
6P9JKJBL.avi,test,141
6JAIRXRC.avi,test,226
6KO6963N.avi,test,100
80KZ97C0.avi,test,116
6G2S59LW.avi,test,114
6G2S3G6Q.avi,test,271
6KO68QUO.avi,test,80
6F5PD29T.avi,test,184
6E8N0YHQ.avi,test,147
6NFE76I9.avi,test,77
7O6G6LZ5.avi,test,284
6G2SC3WC.avi,test,128
7WG4N81Y.avi,test,143
6G2SC3YA.avi,test,141
6NFE79XS.avi,test,78
7WWOHLXM.avi,test,58
6EP6BGVD.avi,test,91
6S0S43BT.avi,test,141
7QH593S5.avi,test,192
7O6G6YCS.avi,test,193
6EP6BGQQ.avi,test,91
7SRTSYSH.avi,test,55
7T8DI6PR.avi,test,193
7XTR6IL7.avi,test,195
6OCGXOJD.avi,test,118
7WWOHM0E.avi,test,173
7QXOE1OD.avi,test,56
7ZNWLSYW.avi,test,44
6FM8LO6Q.avi,test,134
7XTR6JE6.avi,test,62
7ZNWFV0J.avi,test,37
7YQTO8Q8.avi,test,67
6G2SC4D1.avi,test,102
6G2SC3XH.avi,test,138
5HMFBT9E.avi,test,106
7YAAK0QJ.avi,test,117
6G2SC2Y6.avi,test,135
6R3PFG2F.avi,test,73
6JAJNVF3.avi,test,56
7OMZA6OR.avi,test,101
6OCH4FJX.avi,test,43
6HWXPLFH.avi,test,134
7O6G6M0K.avi,test,147
7P3INSZA.avi,test,160
6S0S89BN.avi,test,245
6OCGXOLC.avi,test,116
7WWOHLYQ.avi,test,173
6FM8LWHZ.avi,test,148
6OT05OQ2.avi,test,36
6LL8PW1V.avi,test,67
6F5P8VQM.avi,test,149
6NFE77O7.avi,test,131
6MIAD9N8.avi,test,205
6G2SC3YV.avi,test,50
6LL8WBQ2.avi,test,107
7ZNWLS8R.avi,test,125
6JAJNUWD.avi,test,122
6NFEIBFX.avi,test,68
BIWNGQSB.avi,test,82
7TOWKQN5.avi,test,113
7SRTRPL3.avi,test,37
BIWNGQSL.avi,test,82
80KZ97AE.avi,test,143
6EP6BHLE.avi,test,65
6LL8WD8B.avi,test,47
7ZNWFIVE.avi,test,42
5HMFBTZZ.avi,test,33
7ZNWFIRZ.avi,test,171
6MIAD8WK.avi,test,125
6EP6BGT1.avi,test,65
7ULZ5JBE.avi,test,37
6LL8PVAE.avi,test,160
6OCFVUZN.avi,test,58
6R3PFGVI.avi,test,130
7U5FRWD6.avi,test,52
7SRU4XGD.avi,test,104
5HMFBXPI.avi,test,66
6KO68QWP.avi,test,80
7SBACBXQ.avi,test,109
6LL7N79H.avi,test,129
7Z7DCUS6.avi,test,107
80KZ3VEJ.avi,test,110
7ULZ5HUK.avi,test,112
ALTW7UQ0.avi,test,144
7XTR62A7.avi,test,61
6OT05OON.avi,test,63
7ULZ5JAU.avi,test,45
7ZNWLT0O.avi,test,105
6G2SC30M.avi,test,159
6R3PFGZ3.avi,test,152
6LL7N7B7.avi,test,46
6FM8NCR4.avi,test,121
7QH594KQ.avi,test,73
6G2SC2ZK.avi,test,162
7VZLFSO1.avi,test,210
5HMFBXML.avi,test,64
7SRTTXI0.avi,test,154
7QXO90HN.avi,test,91
7YAAK0CM.avi,test,151
7P3J2230.avi,test,95
6FM8LWFX.avi,test,146
7OMZC5RH.avi,test,163
7QXOE1GL.avi,test,156
7ZNWM6OI.avi,test,191
6OCH4FKT.avi,test,70
6MIAD924.avi,test,166
6JAJNVCE.avi,test,119
7WWOHM1P.avi,test,63
6S0S89QV.avi,test,121
6KO68R0J.avi,test,81
6LL7N7C5.avi,test,195
7ZNWFV4G.avi,test,33
6LL8PVHU.avi,test,63
6KO696BP.avi,test,102
6FM8NC38.avi,test,161
7SRU4WT6.avi,test,80
BKA97XNQ.avi,test,141
7ZNWFIKS.avi,test,57
7P3IQ5QM.avi,test,118
7P3IQ5RB.avi,test,97
7Z7CZERJ.avi,test,134
6NFE78KV.avi,test,165
7O6G6XXB.avi,test,196
6S0S2NM2.avi,test,205
6S0S89PM.avi,test,127
6NVXII97.avi,test,126
7VZLKKAB.avi,test,121
7VJ28PMP.avi,test,155
6FM8LOM0.avi,test,138
7P3IQ5U5.avi,test,127
7QH594OJ.avi,test,71
7Q0LTQWG.avi,test,98
6KO696DJ.avi,test,42
7YAAK0BY.avi,test,126
6MIAD8TJ.avi,test,421
7XTR6231.avi,test,106
6F5PD2XU.avi,test,88
7P3J2220.avi,test,94
6FM8NC99.avi,test,82
7ZNWFI61.avi,test,161
5HMFBWT2.avi,test,164
6E8N0UNE.avi,test,43
7O6G6LJI.avi,test,285
7QXO90V1.avi,test,86
6GJBDB6V.avi,test,65
7O6G6Z2B.avi,test,192
7O6G6M2D.avi,test,52
6GJBDCSA.avi,test,40
6FM8NCAZ.avi,test,172
6F5PD2G4.avi,test,168
6F5PGXAC.avi,test,47
6OCFVUS4.avi,test,140
6EP6BHL3.avi,test,91
6LL7N7H5.avi,test,42
6LL8PW8X.avi,test,55
6E8N0UMJ.avi,test,55
7P3IQ5TD.avi,test,110
804G1TF2.avi,test,101
7YAAK0TC.avi,test,47
7VZLFTC9.avi,test,76
80KZ983F.avi,test,134
7XTR81SM.avi,test,174
6S0S8987.avi,test,127
7XTR62EJ.avi,test,103
5HMFBU0K.avi,test,169
6OT05OQR.avi,test,39
6S0S2MQU.avi,test,61
6MIBI87T.avi,test,154
6NFEIBBR.avi,test,140
7SRTSZ0J.avi,test,153
6MIBGW49.avi,test,52
7YQTO93G.avi,test,67
6NFE76FB.avi,test,173
804G1TGK.avi,test,42
BL7BXLWY.avi,test,141
6F5PD2ZK.avi,test,35
6S0S43CP.avi,test,37
7QXO90IP.avi,test,90
7YQTO96Z.avi,test,63
7P3IQ5SK.avi,test,107
6P9JISMB.avi,test,133
6NFEIBEX.avi,test,284
6FM8NCBT.avi,test,71
6S0S2NJB.avi,test,214
6LL8WBRO.avi,test,40
7P3J227Q.avi,test,32
7WG4N82U.avi,test,65
7OMZC5QX.avi,test,69
7O6G6YAY.avi,test,51
7Z7DCURJ.avi,test,63
5HMFBTRJ.avi,test,107
6IDHDEVV.avi,test,37
80KZ98CJ.avi,test,72
7QXOE1KD.avi,test,53
6MIBI8PP.avi,test,129
5HMFBX77.avi,test,170
7YAAK0SX.avi,test,102
ALTW7USD.avi,test,261
6MIBGVQA.avi,test,62
6GJBDCRW.avi,test,42
7QH594H3.avi,test,172
7YQTO94Z.avi,test,39
7XTR625G.avi,test,38
6OCFVUYI.avi,test,153
7ZNWM7C4.avi,test,66
BKA97XTN.avi,test,259
6FM8NCEN.avi,test,34
